date,status,day,day_map,weather,weather_map,temp,atemp,casual,registered,total
2011-01-01,Weekend,Saturday,6,Cloudy/Misty,2,0.344167,0.363625,331,654,985
2011-01-02,Weekend,Sunday,0,Cloudy/Misty,2,0.363478,0.353739,131,670,801
2011-01-03,Weekday,Monday,1,Sunny,1,0.196364,0.189405,120,1229,1349
2011-01-04,Weekday,Tuesday,2,Sunny,1,0.2,0.212122,108,1454,1562
2011-01-05,Weekday,Wednesday,3,Sunny,1,0.226957,0.22927,82,1518,1600
2011-01-06,Weekday,Thursday,4,Sunny,1,0.204348,0.233209,88,1518,1606
2011-01-07,Weekday,Friday,5,Cloudy/Misty,2,0.196522,0.208839,148,1362,1510
2011-01-08,Weekend,Saturday,6,Cloudy/Misty,2,0.165,0.162254,68,891,959
2011-01-09,Weekend,Sunday,0,Sunny,1,0.138333,0.116175,54,768,822
2011-01-10,Weekday,Monday,1,Sunny,1,0.150833,0.150888,41,1280,1321
2011-01-11,Weekday,Tuesday,2,Cloudy/Misty,2,0.169091,0.191464,43,1220,1263
2011-01-12,Weekday,Wednesday,3,Sunny,1,0.172727,0.160473,25,1137,1162
2011-01-13,Weekday,Thursday,4,Sunny,1,0.165,0.150883,38,1368,1406
2011-01-14,Weekday,Friday,5,Sunny,1,0.16087,0.188413,54,1367,1421
2011-01-15,Weekend,Saturday,6,Cloudy/Misty,2,0.233333,0.248112,222,1026,1248
2011-01-16,Weekend,Sunday,0,Sunny,1,0.231667,0.234217,251,953,1204
2011-01-17,Holiday,Monday,1,Cloudy/Misty,2,0.175833,0.176771,117,883,1000
2011-01-18,Weekday,Tuesday,2,Cloudy/Misty,2,0.216667,0.232333,9,674,683
2011-01-19,Weekday,Wednesday,3,Cloudy/Misty,2,0.292174,0.298422,78,1572,1650
2011-01-20,Weekday,Thursday,4,Cloudy/Misty,2,0.261667,0.25505,83,1844,1927
2011-01-21,Weekday,Friday,5,Sunny,1,0.1775,0.157833,75,1468,1543
2011-01-22,Weekend,Saturday,6,Sunny,1,0.0591304,0.0790696,93,888,981
2011-01-23,Weekend,Sunday,0,Sunny,1,0.0965217,0.0988391,150,836,986
2011-01-24,Weekday,Monday,1,Sunny,1,0.0973913,0.11793,86,1330,1416
2011-01-25,Weekday,Tuesday,2,Cloudy/Misty,2,0.223478,0.234526,186,1799,1985
2011-01-26,Weekday,Wednesday,3,Rain,3,0.2175,0.2036,34,472,506
2011-01-27,Weekday,Thursday,4,Sunny,1,0.195,0.2197,15,416,431
2011-01-28,Weekday,Friday,5,Cloudy/Misty,2,0.203478,0.223317,38,1129,1167
2011-01-29,Weekend,Saturday,6,Sunny,1,0.196522,0.212126,123,975,1098
2011-01-30,Weekend,Sunday,0,Sunny,1,0.216522,0.250322,140,956,1096
2011-01-31,Weekday,Monday,1,Cloudy/Misty,2,0.180833,0.18625,42,1459,1501
2011-02-01,Weekday,Tuesday,2,Cloudy/Misty,2,0.192174,0.23453,47,1313,1360
2011-02-02,Weekday,Wednesday,3,Cloudy/Misty,2,0.26,0.254417,72,1454,1526
2011-02-03,Weekday,Thursday,4,Sunny,1,0.186957,0.177878,61,1489,1550
2011-02-04,Weekday,Friday,5,Cloudy/Misty,2,0.211304,0.228587,88,1620,1708
2011-02-05,Weekend,Saturday,6,Cloudy/Misty,2,0.233333,0.243058,100,905,1005
2011-02-06,Weekend,Sunday,0,Sunny,1,0.285833,0.291671,354,1269,1623
2011-02-07,Weekday,Monday,1,Sunny,1,0.271667,0.303658,120,1592,1712
2011-02-08,Weekday,Tuesday,2,Sunny,1,0.220833,0.198246,64,1466,1530
2011-02-09,Weekday,Wednesday,3,Cloudy/Misty,2,0.134783,0.144283,53,1552,1605
2011-02-10,Weekday,Thursday,4,Sunny,1,0.144348,0.149548,47,1491,1538
2011-02-11,Weekday,Friday,5,Sunny,1,0.189091,0.213509,149,1597,1746
2011-02-12,Weekend,Saturday,6,Sunny,1,0.2225,0.232954,288,1184,1472
2011-02-13,Weekend,Sunday,0,Sunny,1,0.316522,0.324113,397,1192,1589
2011-02-14,Weekday,Monday,1,Sunny,1,0.415,0.39835,208,1705,1913
2011-02-15,Weekday,Tuesday,2,Sunny,1,0.266087,0.254274,140,1675,1815
2011-02-16,Weekday,Wednesday,3,Sunny,1,0.318261,0.3162,218,1897,2115
2011-02-17,Weekday,Thursday,4,Sunny,1,0.435833,0.428658,259,2216,2475
2011-02-18,Weekday,Friday,5,Sunny,1,0.521667,0.511983,579,2348,2927
2011-02-19,Weekend,Saturday,6,Sunny,1,0.399167,0.391404,532,1103,1635
2011-02-20,Weekend,Sunday,0,Sunny,1,0.285217,0.27733,639,1173,1812
2011-02-21,Holiday,Monday,1,Cloudy/Misty,2,0.303333,0.284075,195,912,1107
2011-02-22,Weekday,Tuesday,2,Sunny,1,0.182222,0.186033,74,1376,1450
2011-02-23,Weekday,Wednesday,3,Sunny,1,0.221739,0.245717,139,1778,1917
2011-02-24,Weekday,Thursday,4,Cloudy/Misty,2,0.295652,0.289191,100,1707,1807
2011-02-25,Weekday,Friday,5,Cloudy/Misty,2,0.364348,0.350461,120,1341,1461
2011-02-26,Weekend,Saturday,6,Sunny,1,0.2825,0.282192,424,1545,1969
2011-02-27,Weekend,Sunday,0,Sunny,1,0.343478,0.351109,694,1708,2402
2011-02-28,Weekday,Monday,1,Cloudy/Misty,2,0.407273,0.400118,81,1365,1446
2011-03-01,Weekday,Tuesday,2,Sunny,1,0.266667,0.263879,137,1714,1851
2011-03-02,Weekday,Wednesday,3,Sunny,1,0.335,0.320071,231,1903,2134
2011-03-03,Weekday,Thursday,4,Sunny,1,0.198333,0.200133,123,1562,1685
2011-03-04,Weekday,Friday,5,Cloudy/Misty,2,0.261667,0.255679,214,1730,1944
2011-03-05,Weekend,Saturday,6,Cloudy/Misty,2,0.384167,0.378779,640,1437,2077
2011-03-06,Weekend,Sunday,0,Cloudy/Misty,2,0.376522,0.366252,114,491,605
2011-03-07,Weekday,Monday,1,Sunny,1,0.261739,0.238461,244,1628,1872
2011-03-08,Weekday,Tuesday,2,Sunny,1,0.2925,0.3024,316,1817,2133
2011-03-09,Weekday,Wednesday,3,Cloudy/Misty,2,0.295833,0.286608,191,1700,1891
2011-03-10,Weekday,Thursday,4,Rain,3,0.389091,0.385668,46,577,623
2011-03-11,Weekday,Friday,5,Cloudy/Misty,2,0.316522,0.305,247,1730,1977
2011-03-12,Weekend,Saturday,6,Sunny,1,0.329167,0.32575,724,1408,2132
2011-03-13,Weekend,Sunday,0,Sunny,1,0.384348,0.380091,982,1435,2417
2011-03-14,Weekday,Monday,1,Sunny,1,0.325217,0.332,359,1687,2046
2011-03-15,Weekday,Tuesday,2,Cloudy/Misty,2,0.317391,0.318178,289,1767,2056
2011-03-16,Weekday,Wednesday,3,Cloudy/Misty,2,0.365217,0.36693,321,1871,2192
2011-03-17,Weekday,Thursday,4,Sunny,1,0.415,0.410333,424,2320,2744
2011-03-18,Weekday,Friday,5,Sunny,1,0.54,0.527009,884,2355,3239
2011-03-19,Weekend,Saturday,6,Sunny,1,0.4725,0.466525,1424,1693,3117
2011-03-20,Weekend,Sunday,0,Sunny,1,0.3325,0.32575,1047,1424,2471
2011-03-21,Weekday,Monday,1,Cloudy/Misty,2,0.430435,0.409735,401,1676,2077
2011-03-22,Weekday,Tuesday,2,Sunny,1,0.441667,0.440642,460,2243,2703
2011-03-23,Weekday,Wednesday,3,Cloudy/Misty,2,0.346957,0.337939,203,1918,2121
2011-03-24,Weekday,Thursday,4,Cloudy/Misty,2,0.285,0.270833,166,1699,1865
2011-03-25,Weekday,Friday,5,Sunny,1,0.264167,0.256312,300,1910,2210
2011-03-26,Weekend,Saturday,6,Sunny,1,0.265833,0.257571,981,1515,2496
2011-03-27,Weekend,Sunday,0,Cloudy/Misty,2,0.253043,0.250339,472,1221,1693
2011-03-28,Weekday,Monday,1,Sunny,1,0.264348,0.257574,222,1806,2028
2011-03-29,Weekday,Tuesday,2,Sunny,1,0.3025,0.292908,317,2108,2425
2011-03-30,Weekday,Wednesday,3,Cloudy/Misty,2,0.3,0.29735,168,1368,1536
2011-03-31,Weekday,Thursday,4,Rain,3,0.268333,0.257575,179,1506,1685
2011-04-01,Weekday,Friday,5,Cloudy/Misty,2,0.3,0.283454,307,1920,2227
2011-04-02,Weekend,Saturday,6,Cloudy/Misty,2,0.315,0.315637,898,1354,2252
2011-04-03,Weekend,Sunday,0,Sunny,1,0.378333,0.378767,1651,1598,3249
2011-04-04,Weekday,Monday,1,Sunny,1,0.573333,0.542929,734,2381,3115
2011-04-05,Weekday,Tuesday,2,Cloudy/Misty,2,0.414167,0.39835,167,1628,1795
2011-04-06,Weekday,Wednesday,3,Sunny,1,0.390833,0.387608,413,2395,2808
2011-04-07,Weekday,Thursday,4,Sunny,1,0.4375,0.433696,571,2570,3141
2011-04-08,Weekday,Friday,5,Cloudy/Misty,2,0.335833,0.324479,172,1299,1471
2011-04-09,Weekend,Saturday,6,Cloudy/Misty,2,0.3425,0.341529,879,1576,2455
2011-04-10,Weekend,Sunday,0,Cloudy/Misty,2,0.426667,0.426737,1188,1707,2895
2011-04-11,Weekday,Monday,1,Cloudy/Misty,2,0.595652,0.565217,855,2493,3348
2011-04-12,Weekday,Tuesday,2,Cloudy/Misty,2,0.5025,0.493054,257,1777,2034
2011-04-13,Weekday,Wednesday,3,Cloudy/Misty,2,0.4125,0.417283,209,1953,2162
2011-04-14,Weekday,Thursday,4,Sunny,1,0.4675,0.462742,529,2738,3267
2011-04-15,Holiday,Friday,5,Sunny,1,0.446667,0.441913,642,2484,3126
2011-04-16,Weekend,Saturday,6,Rain,3,0.430833,0.425492,121,674,795
2011-04-17,Weekend,Sunday,0,Sunny,1,0.456667,0.445696,1558,2186,3744
2011-04-18,Weekday,Monday,1,Sunny,1,0.5125,0.503146,669,2760,3429
2011-04-19,Weekday,Tuesday,2,Cloudy/Misty,2,0.505833,0.489258,409,2795,3204
2011-04-20,Weekday,Wednesday,3,Sunny,1,0.595,0.564392,613,3331,3944
2011-04-21,Weekday,Thursday,4,Sunny,1,0.459167,0.453892,745,3444,4189
2011-04-22,Weekday,Friday,5,Cloudy/Misty,2,0.336667,0.321954,177,1506,1683
2011-04-23,Weekend,Saturday,6,Cloudy/Misty,2,0.46,0.450121,1462,2574,4036
2011-04-24,Weekend,Sunday,0,Cloudy/Misty,2,0.581667,0.551763,1710,2481,4191
2011-04-25,Weekday,Monday,1,Sunny,1,0.606667,0.5745,773,3300,4073
2011-04-26,Weekday,Tuesday,2,Sunny,1,0.631667,0.594083,678,3722,4400
2011-04-27,Weekday,Wednesday,3,Cloudy/Misty,2,0.62,0.575142,547,3325,3872
2011-04-28,Weekday,Thursday,4,Cloudy/Misty,2,0.6175,0.578929,569,3489,4058
2011-04-29,Weekday,Friday,5,Sunny,1,0.51,0.497463,878,3717,4595
2011-04-30,Weekend,Saturday,6,Sunny,1,0.4725,0.464021,1965,3347,5312
2011-05-01,Weekend,Sunday,0,Cloudy/Misty,2,0.451667,0.448204,1138,2213,3351
2011-05-02,Weekday,Monday,1,Cloudy/Misty,2,0.549167,0.532833,847,3554,4401
2011-05-03,Weekday,Tuesday,2,Cloudy/Misty,2,0.616667,0.582079,603,3848,4451
2011-05-04,Weekday,Wednesday,3,Cloudy/Misty,2,0.414167,0.40465,255,2378,2633
2011-05-05,Weekday,Thursday,4,Sunny,1,0.459167,0.441917,614,3819,4433
2011-05-06,Weekday,Friday,5,Sunny,1,0.479167,0.474117,894,3714,4608
2011-05-07,Weekend,Saturday,6,Sunny,1,0.52,0.512621,1612,3102,4714
2011-05-08,Weekend,Sunday,0,Sunny,1,0.528333,0.518933,1401,2932,4333
2011-05-09,Weekday,Monday,1,Sunny,1,0.5325,0.525246,664,3698,4362
2011-05-10,Weekday,Tuesday,2,Sunny,1,0.5325,0.522721,694,4109,4803
2011-05-11,Weekday,Wednesday,3,Sunny,1,0.5425,0.5284,550,3632,4182
2011-05-12,Weekday,Thursday,4,Sunny,1,0.535,0.523363,695,4169,4864
2011-05-13,Weekday,Friday,5,Cloudy/Misty,2,0.5125,0.4943,692,3413,4105
2011-05-14,Weekend,Saturday,6,Cloudy/Misty,2,0.520833,0.500629,902,2507,3409
2011-05-15,Weekend,Sunday,0,Cloudy/Misty,2,0.5625,0.536,1582,2971,4553
2011-05-16,Weekday,Monday,1,Sunny,1,0.5775,0.550512,773,3185,3958
2011-05-17,Weekday,Tuesday,2,Cloudy/Misty,2,0.561667,0.538529,678,3445,4123
2011-05-18,Weekday,Wednesday,3,Cloudy/Misty,2,0.55,0.527158,536,3319,3855
2011-05-19,Weekday,Thursday,4,Cloudy/Misty,2,0.530833,0.510742,735,3840,4575
2011-05-20,Weekday,Friday,5,Sunny,1,0.536667,0.529042,909,4008,4917
2011-05-21,Weekend,Saturday,6,Sunny,1,0.6025,0.571975,2258,3547,5805
2011-05-22,Weekend,Sunday,0,Sunny,1,0.604167,0.5745,1576,3084,4660
2011-05-23,Weekday,Monday,1,Cloudy/Misty,2,0.631667,0.590296,836,3438,4274
2011-05-24,Weekday,Tuesday,2,Cloudy/Misty,2,0.66,0.604813,659,3833,4492
2011-05-25,Weekday,Wednesday,3,Sunny,1,0.660833,0.615542,740,4238,4978
2011-05-26,Weekday,Thursday,4,Sunny,1,0.708333,0.654688,758,3919,4677
2011-05-27,Weekday,Friday,5,Sunny,1,0.681667,0.637008,871,3808,4679
2011-05-28,Weekend,Saturday,6,Sunny,1,0.655833,0.612379,2001,2757,4758
2011-05-29,Weekend,Sunday,0,Sunny,1,0.6675,0.61555,2355,2433,4788
2011-05-30,Holiday,Monday,1,Sunny,1,0.733333,0.671092,1549,2549,4098
2011-05-31,Weekday,Tuesday,2,Sunny,1,0.775,0.725383,673,3309,3982
2011-06-01,Weekday,Wednesday,3,Cloudy/Misty,2,0.764167,0.720967,513,3461,3974
2011-06-02,Weekday,Thursday,4,Sunny,1,0.715,0.643942,736,4232,4968
2011-06-03,Weekday,Friday,5,Sunny,1,0.62,0.587133,898,4414,5312
2011-06-04,Weekend,Saturday,6,Sunny,1,0.635,0.594696,1869,3473,5342
2011-06-05,Weekend,Sunday,0,Cloudy/Misty,2,0.648333,0.616804,1685,3221,4906
2011-06-06,Weekday,Monday,1,Sunny,1,0.678333,0.621858,673,3875,4548
2011-06-07,Weekday,Tuesday,2,Sunny,1,0.7075,0.65595,763,4070,4833
2011-06-08,Weekday,Wednesday,3,Sunny,1,0.775833,0.727279,676,3725,4401
2011-06-09,Weekday,Thursday,4,Cloudy/Misty,2,0.808333,0.757579,563,3352,3915
2011-06-10,Weekday,Friday,5,Sunny,1,0.755,0.703292,815,3771,4586
2011-06-11,Weekend,Saturday,6,Sunny,1,0.725,0.678038,1729,3237,4966
2011-06-12,Weekend,Sunday,0,Sunny,1,0.6925,0.643325,1467,2993,4460
2011-06-13,Weekday,Monday,1,Sunny,1,0.635,0.601654,863,4157,5020
2011-06-14,Weekday,Tuesday,2,Sunny,1,0.604167,0.591546,727,4164,4891
2011-06-15,Weekday,Wednesday,3,Sunny,1,0.626667,0.587754,769,4411,5180
2011-06-16,Weekday,Thursday,4,Cloudy/Misty,2,0.628333,0.595346,545,3222,3767
2011-06-17,Weekday,Friday,5,Sunny,1,0.649167,0.600383,863,3981,4844
2011-06-18,Weekend,Saturday,6,Sunny,1,0.696667,0.643954,1807,3312,5119
2011-06-19,Weekend,Sunday,0,Cloudy/Misty,2,0.699167,0.645846,1639,3105,4744
2011-06-20,Weekday,Monday,1,Cloudy/Misty,2,0.635,0.595346,699,3311,4010
2011-06-21,Weekday,Tuesday,2,Cloudy/Misty,2,0.680833,0.637646,774,4061,4835
2011-06-22,Weekday,Wednesday,3,Sunny,1,0.733333,0.693829,661,3846,4507
2011-06-23,Weekday,Thursday,4,Cloudy/Misty,2,0.728333,0.693833,746,4044,4790
2011-06-24,Weekday,Friday,5,Sunny,1,0.724167,0.656583,969,4022,4991
2011-06-25,Weekend,Saturday,6,Sunny,1,0.695,0.643313,1782,3420,5202
2011-06-26,Weekend,Sunday,0,Sunny,1,0.68,0.637629,1920,3385,5305
2011-06-27,Weekday,Monday,1,Cloudy/Misty,2,0.6825,0.637004,854,3854,4708
2011-06-28,Weekday,Tuesday,2,Sunny,1,0.744167,0.692558,732,3916,4648
2011-06-29,Weekday,Wednesday,3,Sunny,1,0.728333,0.654688,848,4377,5225
2011-06-30,Weekday,Thursday,4,Sunny,1,0.696667,0.637008,1027,4488,5515
2011-07-01,Weekday,Friday,5,Sunny,1,0.7225,0.652162,1246,4116,5362
2011-07-02,Weekend,Saturday,6,Sunny,1,0.738333,0.667308,2204,2915,5119
2011-07-03,Weekend,Sunday,0,Cloudy/Misty,2,0.716667,0.668575,2282,2367,4649
2011-07-04,Holiday,Monday,1,Cloudy/Misty,2,0.726667,0.665417,3065,2978,6043
2011-07-05,Weekday,Tuesday,2,Sunny,1,0.746667,0.696338,1031,3634,4665
2011-07-06,Weekday,Wednesday,3,Sunny,1,0.72,0.685633,784,3845,4629
2011-07-07,Weekday,Thursday,4,Sunny,1,0.75,0.686871,754,3838,4592
2011-07-08,Weekday,Friday,5,Cloudy/Misty,2,0.709167,0.670483,692,3348,4040
2011-07-09,Weekend,Saturday,6,Sunny,1,0.733333,0.664158,1988,3348,5336
2011-07-10,Weekend,Sunday,0,Sunny,1,0.7475,0.690025,1743,3138,4881
2011-07-11,Weekday,Monday,1,Sunny,1,0.7625,0.729804,723,3363,4086
2011-07-12,Weekday,Tuesday,2,Sunny,1,0.794167,0.739275,662,3596,4258
2011-07-13,Weekday,Wednesday,3,Sunny,1,0.746667,0.689404,748,3594,4342
2011-07-14,Weekday,Thursday,4,Sunny,1,0.680833,0.635104,888,4196,5084
2011-07-15,Weekday,Friday,5,Sunny,1,0.663333,0.624371,1318,4220,5538
2011-07-16,Weekend,Saturday,6,Sunny,1,0.686667,0.638263,2418,3505,5923
2011-07-17,Weekend,Sunday,0,Sunny,1,0.719167,0.669833,2006,3296,5302
2011-07-18,Weekday,Monday,1,Sunny,1,0.746667,0.703925,841,3617,4458
2011-07-19,Weekday,Tuesday,2,Sunny,1,0.776667,0.747479,752,3789,4541
2011-07-20,Weekday,Wednesday,3,Sunny,1,0.768333,0.74685,644,3688,4332
2011-07-21,Weekday,Thursday,4,Cloudy/Misty,2,0.815,0.826371,632,3152,3784
2011-07-22,Weekday,Friday,5,Sunny,1,0.848333,0.840896,562,2825,3387
2011-07-23,Weekend,Saturday,6,Sunny,1,0.849167,0.804287,987,2298,3285
2011-07-24,Weekend,Sunday,0,Sunny,1,0.83,0.794829,1050,2556,3606
2011-07-25,Weekday,Monday,1,Sunny,1,0.743333,0.720958,568,3272,3840
2011-07-26,Weekday,Tuesday,2,Sunny,1,0.771667,0.696979,750,3840,4590
2011-07-27,Weekday,Wednesday,3,Sunny,1,0.775,0.690667,755,3901,4656
2011-07-28,Weekday,Thursday,4,Sunny,1,0.779167,0.7399,606,3784,4390
2011-07-29,Weekday,Friday,5,Sunny,1,0.838333,0.785967,670,3176,3846
2011-07-30,Weekend,Saturday,6,Sunny,1,0.804167,0.728537,1559,2916,4475
2011-07-31,Weekend,Sunday,0,Sunny,1,0.805833,0.729796,1524,2778,4302
2011-08-01,Weekday,Monday,1,Sunny,1,0.771667,0.703292,729,3537,4266
2011-08-02,Weekday,Tuesday,2,Sunny,1,0.783333,0.707071,801,4044,4845
2011-08-03,Weekday,Wednesday,3,Cloudy/Misty,2,0.731667,0.679937,467,3107,3574
2011-08-04,Weekday,Thursday,4,Cloudy/Misty,2,0.71,0.664788,799,3777,4576
2011-08-05,Weekday,Friday,5,Sunny,1,0.710833,0.656567,1023,3843,4866
2011-08-06,Weekend,Saturday,6,Cloudy/Misty,2,0.716667,0.676154,1521,2773,4294
2011-08-07,Weekend,Sunday,0,Sunny,1,0.7425,0.715292,1298,2487,3785
2011-08-08,Weekday,Monday,1,Sunny,1,0.765,0.703283,846,3480,4326
2011-08-09,Weekday,Tuesday,2,Sunny,1,0.775,0.724121,907,3695,4602
2011-08-10,Weekday,Wednesday,3,Sunny,1,0.766667,0.684983,884,3896,4780
2011-08-11,Weekday,Thursday,4,Sunny,1,0.7175,0.651521,812,3980,4792
2011-08-12,Weekday,Friday,5,Sunny,1,0.708333,0.654042,1051,3854,4905
2011-08-13,Weekend,Saturday,6,Cloudy/Misty,2,0.685833,0.645858,1504,2646,4150
2011-08-14,Weekend,Sunday,0,Cloudy/Misty,2,0.676667,0.624388,1338,2482,3820
2011-08-15,Weekday,Monday,1,Sunny,1,0.665833,0.616167,775,3563,4338
2011-08-16,Weekday,Tuesday,2,Sunny,1,0.700833,0.645837,721,4004,4725
2011-08-17,Weekday,Wednesday,3,Sunny,1,0.723333,0.666671,668,4026,4694
2011-08-18,Weekday,Thursday,4,Sunny,1,0.711667,0.662258,639,3166,3805
2011-08-19,Weekday,Friday,5,Cloudy/Misty,2,0.685,0.633221,797,3356,4153
2011-08-20,Weekend,Saturday,6,Sunny,1,0.6975,0.648996,1914,3277,5191
2011-08-21,Weekend,Sunday,0,Sunny,1,0.710833,0.675525,1249,2624,3873
2011-08-22,Weekday,Monday,1,Sunny,1,0.691667,0.638254,833,3925,4758
2011-08-23,Weekday,Tuesday,2,Sunny,1,0.640833,0.606067,1281,4614,5895
2011-08-24,Weekday,Wednesday,3,Sunny,1,0.673333,0.630692,949,4181,5130
2011-08-25,Weekday,Thursday,4,Cloudy/Misty,2,0.684167,0.645854,435,3107,3542
2011-08-26,Weekday,Friday,5,Sunny,1,0.7,0.659733,768,3893,4661
2011-08-27,Weekend,Saturday,6,Cloudy/Misty,2,0.68,0.635556,226,889,1115
2011-08-28,Weekend,Sunday,0,Sunny,1,0.707059,0.647959,1415,2919,4334
2011-08-29,Weekday,Monday,1,Sunny,1,0.636667,0.607958,729,3905,4634
2011-08-30,Weekday,Tuesday,2,Sunny,1,0.639167,0.594704,775,4429,5204
2011-08-31,Weekday,Wednesday,3,Sunny,1,0.656667,0.611121,688,4370,5058
2011-09-01,Weekday,Thursday,4,Sunny,1,0.655,0.614921,783,4332,5115
2011-09-02,Weekday,Friday,5,Cloudy/Misty,2,0.643333,0.604808,875,3852,4727
2011-09-03,Weekend,Saturday,6,Sunny,1,0.669167,0.633213,1935,2549,4484
2011-09-04,Weekend,Sunday,0,Sunny,1,0.709167,0.665429,2521,2419,4940
2011-09-05,Holiday,Monday,1,Cloudy/Misty,2,0.673333,0.625646,1236,2115,3351
2011-09-06,Weekday,Tuesday,2,Rain,3,0.54,0.5152,204,2506,2710
2011-09-07,Weekday,Wednesday,3,Rain,3,0.599167,0.544229,118,1878,1996
2011-09-08,Weekday,Thursday,4,Rain,3,0.633913,0.555361,153,1689,1842
2011-09-09,Weekday,Friday,5,Cloudy/Misty,2,0.65,0.578946,417,3127,3544
2011-09-10,Weekend,Saturday,6,Sunny,1,0.66,0.607962,1750,3595,5345
2011-09-11,Weekend,Sunday,0,Sunny,1,0.653333,0.609229,1633,3413,5046
2011-09-12,Weekday,Monday,1,Sunny,1,0.644348,0.60213,690,4023,4713
2011-09-13,Weekday,Tuesday,2,Sunny,1,0.650833,0.603554,701,4062,4763
2011-09-14,Weekday,Wednesday,3,Sunny,1,0.673333,0.6269,647,4138,4785
2011-09-15,Weekday,Thursday,4,Cloudy/Misty,2,0.5775,0.553671,428,3231,3659
2011-09-16,Weekday,Friday,5,Cloudy/Misty,2,0.469167,0.461475,742,4018,4760
2011-09-17,Weekend,Saturday,6,Cloudy/Misty,2,0.491667,0.478512,1434,3077,4511
2011-09-18,Weekend,Sunday,0,Sunny,1,0.5075,0.490537,1353,2921,4274
2011-09-19,Weekday,Monday,1,Cloudy/Misty,2,0.549167,0.529675,691,3848,4539
2011-09-20,Weekday,Tuesday,2,Cloudy/Misty,2,0.561667,0.532217,438,3203,3641
2011-09-21,Weekday,Wednesday,3,Cloudy/Misty,2,0.595,0.550533,539,3813,4352
2011-09-22,Weekday,Thursday,4,Cloudy/Misty,2,0.628333,0.554963,555,4240,4795
2011-09-23,Weekday,Friday,5,Cloudy/Misty,2,0.609167,0.522125,258,2137,2395
2011-09-24,Weekend,Saturday,6,Cloudy/Misty,2,0.606667,0.564412,1776,3647,5423
2011-09-25,Weekend,Sunday,0,Cloudy/Misty,2,0.634167,0.572637,1544,3466,5010
2011-09-26,Weekday,Monday,1,Cloudy/Misty,2,0.649167,0.589042,684,3946,4630
2011-09-27,Weekday,Tuesday,2,Cloudy/Misty,2,0.636667,0.574525,477,3643,4120
2011-09-28,Weekday,Wednesday,3,Cloudy/Misty,2,0.635,0.575158,480,3427,3907
2011-09-29,Weekday,Thursday,4,Sunny,1,0.616667,0.574512,653,4186,4839
2011-09-30,Weekday,Friday,5,Sunny,1,0.564167,0.544829,830,4372,5202
2011-10-01,Weekend,Saturday,6,Cloudy/Misty,2,0.41,0.412863,480,1949,2429
2011-10-02,Weekend,Sunday,0,Cloudy/Misty,2,0.356667,0.345317,616,2302,2918
2011-10-03,Weekday,Monday,1,Cloudy/Misty,2,0.384167,0.392046,330,3240,3570
2011-10-04,Weekday,Tuesday,2,Sunny,1,0.484167,0.472858,486,3970,4456
2011-10-05,Weekday,Wednesday,3,Sunny,1,0.538333,0.527138,559,4267,4826
2011-10-06,Weekday,Thursday,4,Sunny,1,0.494167,0.480425,639,4126,4765
2011-10-07,Weekday,Friday,5,Sunny,1,0.510833,0.504404,949,4036,4985
2011-10-08,Weekend,Saturday,6,Sunny,1,0.521667,0.513242,2235,3174,5409
2011-10-09,Weekend,Sunday,0,Sunny,1,0.540833,0.523983,2397,3114,5511
2011-10-10,Holiday,Monday,1,Sunny,1,0.570833,0.542925,1514,3603,5117
2011-10-11,Weekday,Tuesday,2,Cloudy/Misty,2,0.566667,0.546096,667,3896,4563
2011-10-12,Weekday,Wednesday,3,Rain,3,0.543333,0.517717,217,2199,2416
2011-10-13,Weekday,Thursday,4,Cloudy/Misty,2,0.589167,0.551804,290,2623,2913
2011-10-14,Weekday,Friday,5,Cloudy/Misty,2,0.550833,0.529675,529,3115,3644
2011-10-15,Weekend,Saturday,6,Sunny,1,0.506667,0.498725,1899,3318,5217
2011-10-16,Weekend,Sunday,0,Sunny,1,0.511667,0.503154,1748,3293,5041
2011-10-17,Weekday,Monday,1,Sunny,1,0.534167,0.510725,713,3857,4570
2011-10-18,Weekday,Tuesday,2,Cloudy/Misty,2,0.5325,0.522721,637,4111,4748
2011-10-19,Weekday,Wednesday,3,Rain,3,0.541739,0.513848,254,2170,2424
2011-10-20,Weekday,Thursday,4,Sunny,1,0.475833,0.466525,471,3724,4195
2011-10-21,Weekday,Friday,5,Sunny,1,0.4275,0.423596,676,3628,4304
2011-10-22,Weekend,Saturday,6,Sunny,1,0.4225,0.425492,1499,2809,4308
2011-10-23,Weekend,Sunday,0,Sunny,1,0.421667,0.422333,1619,2762,4381
2011-10-24,Weekday,Monday,1,Sunny,1,0.463333,0.457067,699,3488,4187
2011-10-25,Weekday,Tuesday,2,Sunny,1,0.471667,0.463375,695,3992,4687
2011-10-26,Weekday,Wednesday,3,Cloudy/Misty,2,0.484167,0.472846,404,3490,3894
2011-10-27,Weekday,Thursday,4,Cloudy/Misty,2,0.47,0.457046,240,2419,2659
2011-10-28,Weekday,Friday,5,Cloudy/Misty,2,0.330833,0.318812,456,3291,3747
2011-10-29,Weekend,Saturday,6,Rain,3,0.254167,0.227913,57,570,627
2011-10-30,Weekend,Sunday,0,Sunny,1,0.319167,0.321329,885,2446,3331
2011-10-31,Weekday,Monday,1,Sunny,1,0.34,0.356063,362,3307,3669
2011-11-01,Weekday,Tuesday,2,Sunny,1,0.400833,0.397088,410,3658,4068
2011-11-02,Weekday,Wednesday,3,Sunny,1,0.3775,0.390133,370,3816,4186
2011-11-03,Weekday,Thursday,4,Sunny,1,0.408333,0.405921,318,3656,3974
2011-11-04,Weekday,Friday,5,Cloudy/Misty,2,0.403333,0.403392,470,3576,4046
2011-11-05,Weekend,Saturday,6,Sunny,1,0.326667,0.323854,1156,2770,3926
2011-11-06,Weekend,Sunday,0,Sunny,1,0.348333,0.362358,952,2697,3649
2011-11-07,Weekday,Monday,1,Sunny,1,0.395,0.400871,373,3662,4035
2011-11-08,Weekday,Tuesday,2,Sunny,1,0.408333,0.412246,376,3829,4205
2011-11-09,Weekday,Wednesday,3,Sunny,1,0.4,0.409079,305,3804,4109
2011-11-10,Weekday,Thursday,4,Cloudy/Misty,2,0.38,0.373721,190,2743,2933
2011-11-11,Holiday,Friday,5,Sunny,1,0.324167,0.306817,440,2928,3368
2011-11-12,Weekend,Saturday,6,Sunny,1,0.356667,0.357942,1275,2792,4067
2011-11-13,Weekend,Sunday,0,Sunny,1,0.440833,0.43055,1004,2713,3717
2011-11-14,Weekday,Monday,1,Sunny,1,0.53,0.524612,595,3891,4486
2011-11-15,Weekday,Tuesday,2,Cloudy/Misty,2,0.53,0.507579,449,3746,4195
2011-11-16,Weekday,Wednesday,3,Rain,3,0.456667,0.451988,145,1672,1817
2011-11-17,Weekday,Thursday,4,Cloudy/Misty,2,0.341667,0.323221,139,2914,3053
2011-11-18,Weekday,Friday,5,Sunny,1,0.274167,0.272721,245,3147,3392
2011-11-19,Weekend,Saturday,6,Sunny,1,0.329167,0.324483,943,2720,3663
2011-11-20,Weekend,Sunday,0,Cloudy/Misty,2,0.463333,0.457058,787,2733,3520
2011-11-21,Weekday,Monday,1,Rain,3,0.4475,0.445062,220,2545,2765
2011-11-22,Weekday,Tuesday,2,Rain,3,0.416667,0.421696,69,1538,1607
2011-11-23,Weekday,Wednesday,3,Cloudy/Misty,2,0.440833,0.430537,112,2454,2566
2011-11-24,Holiday,Thursday,4,Sunny,1,0.373333,0.372471,560,935,1495
2011-11-25,Weekday,Friday,5,Sunny,1,0.375,0.380671,1095,1697,2792
2011-11-26,Weekend,Saturday,6,Sunny,1,0.375833,0.385087,1249,1819,3068
2011-11-27,Weekend,Sunday,0,Sunny,1,0.459167,0.4558,810,2261,3071
2011-11-28,Weekday,Monday,1,Sunny,1,0.503478,0.490122,253,3614,3867
2011-11-29,Weekday,Tuesday,2,Cloudy/Misty,2,0.458333,0.451375,96,2818,2914
2011-11-30,Weekday,Wednesday,3,Sunny,1,0.325,0.311221,188,3425,3613
2011-12-01,Weekday,Thursday,4,Sunny,1,0.3125,0.305554,182,3545,3727
2011-12-02,Weekday,Friday,5,Sunny,1,0.314167,0.331433,268,3672,3940
2011-12-03,Weekend,Saturday,6,Sunny,1,0.299167,0.310604,706,2908,3614
2011-12-04,Weekend,Sunday,0,Sunny,1,0.330833,0.3491,634,2851,3485
2011-12-05,Weekday,Monday,1,Cloudy/Misty,2,0.385833,0.393925,233,3578,3811
2011-12-06,Weekday,Tuesday,2,Rain,3,0.4625,0.4564,126,2468,2594
2011-12-07,Weekday,Wednesday,3,Rain,3,0.41,0.400246,50,655,705
2011-12-08,Weekday,Thursday,4,Sunny,1,0.265833,0.256938,150,3172,3322
2011-12-09,Weekday,Friday,5,Sunny,1,0.290833,0.317542,261,3359,3620
2011-12-10,Weekend,Saturday,6,Sunny,1,0.275,0.266412,502,2688,3190
2011-12-11,Weekend,Sunday,0,Sunny,1,0.220833,0.253154,377,2366,2743
2011-12-12,Weekday,Monday,1,Sunny,1,0.238333,0.270196,143,3167,3310
2011-12-13,Weekday,Tuesday,2,Sunny,1,0.2825,0.301138,155,3368,3523
2011-12-14,Weekday,Wednesday,3,Cloudy/Misty,2,0.3175,0.338362,178,3562,3740
2011-12-15,Weekday,Thursday,4,Cloudy/Misty,2,0.4225,0.412237,181,3528,3709
2011-12-16,Weekday,Friday,5,Cloudy/Misty,2,0.375,0.359825,178,3399,3577
2011-12-17,Weekend,Saturday,6,Cloudy/Misty,2,0.258333,0.249371,275,2464,2739
2011-12-18,Weekend,Sunday,0,Sunny,1,0.238333,0.245579,220,2211,2431
2011-12-19,Weekday,Monday,1,Sunny,1,0.276667,0.280933,260,3143,3403
2011-12-20,Weekday,Tuesday,2,Cloudy/Misty,2,0.385833,0.396454,216,3534,3750
2011-12-21,Weekday,Wednesday,3,Cloudy/Misty,2,0.428333,0.428017,107,2553,2660
2011-12-22,Weekday,Thursday,4,Cloudy/Misty,2,0.423333,0.426121,227,2841,3068
2011-12-23,Weekday,Friday,5,Sunny,1,0.373333,0.377513,163,2046,2209
2011-12-24,Weekend,Saturday,6,Sunny,1,0.3025,0.299242,155,856,1011
2011-12-25,Weekend,Sunday,0,Sunny,1,0.274783,0.279961,303,451,754
2011-12-26,Holiday,Monday,1,Sunny,1,0.321739,0.315535,430,887,1317
2011-12-27,Weekday,Tuesday,2,Cloudy/Misty,2,0.325,0.327633,103,1059,1162
2011-12-28,Weekday,Wednesday,3,Sunny,1,0.29913,0.279974,255,2047,2302
2011-12-29,Weekday,Thursday,4,Sunny,1,0.248333,0.263892,254,2169,2423
2011-12-30,Weekday,Friday,5,Sunny,1,0.311667,0.318812,491,2508,2999
2011-12-31,Weekend,Saturday,6,Sunny,1,0.41,0.414121,665,1820,2485
2012-01-01,Weekend,Sunday,0,Sunny,1,0.37,0.375621,686,1608,2294
2012-01-02,Holiday,Monday,1,Sunny,1,0.273043,0.252304,244,1707,1951
2012-01-03,Weekday,Tuesday,2,Sunny,1,0.15,0.126275,89,2147,2236
2012-01-04,Weekday,Wednesday,3,Cloudy/Misty,2,0.1075,0.119337,95,2273,2368
2012-01-05,Weekday,Thursday,4,Sunny,1,0.265833,0.278412,140,3132,3272
2012-01-06,Weekday,Friday,5,Sunny,1,0.334167,0.340267,307,3791,4098
2012-01-07,Weekend,Saturday,6,Sunny,1,0.393333,0.390779,1070,3451,4521
2012-01-08,Weekend,Sunday,0,Sunny,1,0.3375,0.340258,599,2826,3425
2012-01-09,Weekday,Monday,1,Cloudy/Misty,2,0.224167,0.247479,106,2270,2376
2012-01-10,Weekday,Tuesday,2,Sunny,1,0.308696,0.318826,173,3425,3598
2012-01-11,Weekday,Wednesday,3,Cloudy/Misty,2,0.274167,0.282821,92,2085,2177
2012-01-12,Weekday,Thursday,4,Cloudy/Misty,2,0.3825,0.381938,269,3828,4097
2012-01-13,Weekday,Friday,5,Sunny,1,0.274167,0.249362,174,3040,3214
2012-01-14,Weekend,Saturday,6,Sunny,1,0.18,0.183087,333,2160,2493
2012-01-15,Weekend,Sunday,0,Sunny,1,0.166667,0.161625,284,2027,2311
2012-01-16,Holiday,Monday,1,Sunny,1,0.19,0.190663,217,2081,2298
2012-01-17,Weekday,Tuesday,2,Cloudy/Misty,2,0.373043,0.364278,127,2808,2935
2012-01-18,Weekday,Wednesday,3,Sunny,1,0.303333,0.275254,109,3267,3376
2012-01-19,Weekday,Thursday,4,Sunny,1,0.19,0.190038,130,3162,3292
2012-01-20,Weekday,Friday,5,Cloudy/Misty,2,0.2175,0.220958,115,3048,3163
2012-01-21,Weekend,Saturday,6,Cloudy/Misty,2,0.173333,0.174875,67,1234,1301
2012-01-22,Weekend,Sunday,0,Cloudy/Misty,2,0.1625,0.16225,196,1781,1977
2012-01-23,Weekday,Monday,1,Cloudy/Misty,2,0.218333,0.243058,145,2287,2432
2012-01-24,Weekday,Tuesday,2,Sunny,1,0.3425,0.349108,439,3900,4339
2012-01-25,Weekday,Wednesday,3,Sunny,1,0.294167,0.294821,467,3803,4270
2012-01-26,Weekday,Thursday,4,Cloudy/Misty,2,0.341667,0.35605,244,3831,4075
2012-01-27,Weekday,Friday,5,Cloudy/Misty,2,0.425,0.415383,269,3187,3456
2012-01-28,Weekend,Saturday,6,Sunny,1,0.315833,0.326379,775,3248,4023
2012-01-29,Weekend,Sunday,0,Sunny,1,0.2825,0.272721,558,2685,3243
2012-01-30,Weekday,Monday,1,Sunny,1,0.269167,0.262625,126,3498,3624
2012-01-31,Weekday,Tuesday,2,Sunny,1,0.39,0.381317,324,4185,4509
2012-02-01,Weekday,Wednesday,3,Sunny,1,0.469167,0.466538,304,4275,4579
2012-02-02,Weekday,Thursday,4,Cloudy/Misty,2,0.399167,0.398971,190,3571,3761
2012-02-03,Weekday,Friday,5,Sunny,1,0.313333,0.309346,310,3841,4151
2012-02-04,Weekend,Saturday,6,Cloudy/Misty,2,0.264167,0.272725,384,2448,2832
2012-02-05,Weekend,Sunday,0,Cloudy/Misty,2,0.265833,0.264521,318,2629,2947
2012-02-06,Weekday,Monday,1,Sunny,1,0.282609,0.296426,206,3578,3784
2012-02-07,Weekday,Tuesday,2,Sunny,1,0.354167,0.361104,199,4176,4375
2012-02-08,Weekday,Wednesday,3,Cloudy/Misty,2,0.256667,0.266421,109,2693,2802
2012-02-09,Weekday,Thursday,4,Sunny,1,0.265,0.261988,163,3667,3830
2012-02-10,Weekday,Friday,5,Cloudy/Misty,2,0.280833,0.293558,227,3604,3831
2012-02-11,Weekend,Saturday,6,Rain,3,0.224167,0.210867,192,1977,2169
2012-02-12,Weekend,Sunday,0,Sunny,1,0.1275,0.101658,73,1456,1529
2012-02-13,Weekday,Monday,1,Sunny,1,0.2225,0.227913,94,3328,3422
2012-02-14,Weekday,Tuesday,2,Cloudy/Misty,2,0.319167,0.333946,135,3787,3922
2012-02-15,Weekday,Wednesday,3,Sunny,1,0.348333,0.351629,141,4028,4169
2012-02-16,Weekday,Thursday,4,Cloudy/Misty,2,0.316667,0.330162,74,2931,3005
2012-02-17,Weekday,Friday,5,Sunny,1,0.343333,0.351629,349,3805,4154
2012-02-18,Weekend,Saturday,6,Sunny,1,0.346667,0.355425,1435,2883,4318
2012-02-19,Weekend,Sunday,0,Cloudy/Misty,2,0.28,0.265788,618,2071,2689
2012-02-20,Holiday,Monday,1,Sunny,1,0.28,0.273391,502,2627,3129
2012-02-21,Weekday,Tuesday,2,Sunny,1,0.287826,0.295113,163,3614,3777
2012-02-22,Weekday,Wednesday,3,Sunny,1,0.395833,0.392667,394,4379,4773
2012-02-23,Weekday,Thursday,4,Sunny,1,0.454167,0.444446,516,4546,5062
2012-02-24,Weekday,Friday,5,Cloudy/Misty,2,0.4075,0.410971,246,3241,3487
2012-02-25,Weekend,Saturday,6,Sunny,1,0.290833,0.255675,317,2415,2732
2012-02-26,Weekend,Sunday,0,Sunny,1,0.279167,0.268308,515,2874,3389
2012-02-27,Weekday,Monday,1,Sunny,1,0.366667,0.357954,253,4069,4322
2012-02-28,Weekday,Tuesday,2,Sunny,1,0.359167,0.353525,229,4134,4363
2012-02-29,Weekday,Wednesday,3,Cloudy/Misty,2,0.344348,0.34847,65,1769,1834
2012-03-01,Weekday,Thursday,4,Sunny,1,0.485833,0.475371,325,4665,4990
2012-03-02,Weekday,Friday,5,Cloudy/Misty,2,0.353333,0.359842,246,2948,3194
2012-03-03,Weekend,Saturday,6,Cloudy/Misty,2,0.414167,0.413492,956,3110,4066
2012-03-04,Weekend,Sunday,0,Sunny,1,0.325833,0.303021,710,2713,3423
2012-03-05,Weekday,Monday,1,Sunny,1,0.243333,0.241171,203,3130,3333
2012-03-06,Weekday,Tuesday,2,Sunny,1,0.258333,0.255042,221,3735,3956
2012-03-07,Weekday,Wednesday,3,Sunny,1,0.404167,0.3851,432,4484,4916
2012-03-08,Weekday,Thursday,4,Sunny,1,0.5275,0.524604,486,4896,5382
2012-03-09,Weekday,Friday,5,Cloudy/Misty,2,0.410833,0.397083,447,4122,4569
2012-03-10,Weekend,Saturday,6,Sunny,1,0.2875,0.277767,968,3150,4118
2012-03-11,Weekend,Sunday,0,Sunny,1,0.361739,0.35967,1658,3253,4911
2012-03-12,Weekday,Monday,1,Sunny,1,0.466667,0.459592,838,4460,5298
2012-03-13,Weekday,Tuesday,2,Sunny,1,0.565,0.542929,762,5085,5847
2012-03-14,Weekday,Wednesday,3,Sunny,1,0.5725,0.548617,997,5315,6312
2012-03-15,Weekday,Thursday,4,Sunny,1,0.5575,0.532825,1005,5187,6192
2012-03-16,Weekday,Friday,5,Cloudy/Misty,2,0.435833,0.436229,548,3830,4378
2012-03-17,Weekend,Saturday,6,Cloudy/Misty,2,0.514167,0.505046,3155,4681,7836
2012-03-18,Weekend,Sunday,0,Cloudy/Misty,2,0.4725,0.464,2207,3685,5892
2012-03-19,Weekday,Monday,1,Sunny,1,0.545,0.532821,982,5171,6153
2012-03-20,Weekday,Tuesday,2,Sunny,1,0.560833,0.538533,1051,5042,6093
2012-03-21,Weekday,Wednesday,3,Cloudy/Misty,2,0.531667,0.513258,1122,5108,6230
2012-03-22,Weekday,Thursday,4,Sunny,1,0.554167,0.531567,1334,5537,6871
2012-03-23,Weekday,Friday,5,Cloudy/Misty,2,0.601667,0.570067,2469,5893,8362
2012-03-24,Weekend,Saturday,6,Cloudy/Misty,2,0.5025,0.486733,1033,2339,3372
2012-03-25,Weekend,Sunday,0,Cloudy/Misty,2,0.4375,0.437488,1532,3464,4996
2012-03-26,Weekday,Monday,1,Sunny,1,0.445833,0.43875,795,4763,5558
2012-03-27,Weekday,Tuesday,2,Sunny,1,0.323333,0.315654,531,4571,5102
2012-03-28,Weekday,Wednesday,3,Sunny,1,0.484167,0.47095,674,5024,5698
2012-03-29,Weekday,Thursday,4,Sunny,1,0.494167,0.482304,834,5299,6133
2012-03-30,Weekday,Friday,5,Cloudy/Misty,2,0.37,0.375621,796,4663,5459
2012-03-31,Weekend,Saturday,6,Cloudy/Misty,2,0.424167,0.421708,2301,3934,6235
2012-04-01,Weekend,Sunday,0,Cloudy/Misty,2,0.425833,0.417287,2347,3694,6041
2012-04-02,Weekday,Monday,1,Sunny,1,0.433913,0.427513,1208,4728,5936
2012-04-03,Weekday,Tuesday,2,Sunny,1,0.466667,0.461483,1348,5424,6772
2012-04-04,Weekday,Wednesday,3,Sunny,1,0.541667,0.53345,1058,5378,6436
2012-04-05,Weekday,Thursday,4,Sunny,1,0.435,0.431163,1192,5265,6457
2012-04-06,Weekday,Friday,5,Sunny,1,0.403333,0.390767,1807,4653,6460
2012-04-07,Weekend,Saturday,6,Sunny,1,0.4375,0.426129,3252,3605,6857
2012-04-08,Weekend,Sunday,0,Sunny,1,0.5,0.492425,2230,2939,5169
2012-04-09,Weekday,Monday,1,Sunny,1,0.489167,0.476638,905,4680,5585
2012-04-10,Weekday,Tuesday,2,Sunny,1,0.446667,0.436233,819,5099,5918
2012-04-11,Weekday,Wednesday,3,Sunny,1,0.348696,0.337274,482,4380,4862
2012-04-12,Weekday,Thursday,4,Sunny,1,0.3975,0.387604,663,4746,5409
2012-04-13,Weekday,Friday,5,Sunny,1,0.4425,0.431808,1252,5146,6398
2012-04-14,Weekend,Saturday,6,Sunny,1,0.495,0.487996,2795,4665,7460
2012-04-15,Weekend,Sunday,0,Sunny,1,0.606667,0.573875,2846,4286,7132
2012-04-16,Holiday,Monday,1,Sunny,1,0.664167,0.614925,1198,5172,6370
2012-04-17,Weekday,Tuesday,2,Sunny,1,0.608333,0.598487,989,5702,6691
2012-04-18,Weekday,Wednesday,3,Cloudy/Misty,2,0.463333,0.457038,347,4020,4367
2012-04-19,Weekday,Thursday,4,Sunny,1,0.498333,0.493046,846,5719,6565
2012-04-20,Weekday,Friday,5,Sunny,1,0.526667,0.515775,1340,5950,7290
2012-04-21,Weekend,Saturday,6,Sunny,1,0.57,0.542921,2541,4083,6624
2012-04-22,Weekend,Sunday,0,Rain,3,0.396667,0.389504,120,907,1027
2012-04-23,Weekday,Monday,1,Cloudy/Misty,2,0.321667,0.301125,195,3019,3214
2012-04-24,Weekday,Tuesday,2,Sunny,1,0.413333,0.405283,518,5115,5633
2012-04-25,Weekday,Wednesday,3,Sunny,1,0.476667,0.470317,655,5541,6196
2012-04-26,Weekday,Thursday,4,Cloudy/Misty,2,0.498333,0.483583,475,4551,5026
2012-04-27,Weekday,Friday,5,Sunny,1,0.4575,0.452637,1014,5219,6233
2012-04-28,Weekend,Saturday,6,Cloudy/Misty,2,0.376667,0.377504,1120,3100,4220
2012-04-29,Weekend,Sunday,0,Sunny,1,0.458333,0.450121,2229,4075,6304
2012-04-30,Weekday,Monday,1,Cloudy/Misty,2,0.464167,0.457696,665,4907,5572
2012-05-01,Weekday,Tuesday,2,Cloudy/Misty,2,0.613333,0.577021,653,5087,5740
2012-05-02,Weekday,Wednesday,3,Sunny,1,0.564167,0.537896,667,5502,6169
2012-05-03,Weekday,Thursday,4,Cloudy/Misty,2,0.56,0.537242,764,5657,6421
2012-05-04,Weekday,Friday,5,Sunny,1,0.6275,0.590917,1069,5227,6296
2012-05-05,Weekend,Saturday,6,Cloudy/Misty,2,0.621667,0.584608,2496,4387,6883
2012-05-06,Weekend,Sunday,0,Cloudy/Misty,2,0.5625,0.546737,2135,4224,6359
2012-05-07,Weekday,Monday,1,Cloudy/Misty,2,0.5375,0.527142,1008,5265,6273
2012-05-08,Weekday,Tuesday,2,Cloudy/Misty,2,0.581667,0.557471,738,4990,5728
2012-05-09,Weekday,Wednesday,3,Cloudy/Misty,2,0.575,0.553025,620,4097,4717
2012-05-10,Weekday,Thursday,4,Sunny,1,0.505833,0.491783,1026,5546,6572
2012-05-11,Weekday,Friday,5,Sunny,1,0.533333,0.520833,1319,5711,7030
2012-05-12,Weekend,Saturday,6,Sunny,1,0.564167,0.544817,2622,4807,7429
2012-05-13,Weekend,Sunday,0,Sunny,1,0.6125,0.585238,2172,3946,6118
2012-05-14,Weekday,Monday,1,Cloudy/Misty,2,0.573333,0.5499,342,2501,2843
2012-05-15,Weekday,Tuesday,2,Cloudy/Misty,2,0.611667,0.576404,625,4490,5115
2012-05-16,Weekday,Wednesday,3,Sunny,1,0.636667,0.595975,991,6433,7424
2012-05-17,Weekday,Thursday,4,Sunny,1,0.593333,0.572613,1242,6142,7384
2012-05-18,Weekday,Friday,5,Sunny,1,0.564167,0.551121,1521,6118,7639
2012-05-19,Weekend,Saturday,6,Sunny,1,0.6,0.566908,3410,4884,8294
2012-05-20,Weekend,Sunday,0,Sunny,1,0.620833,0.583967,2704,4425,7129
2012-05-21,Weekday,Monday,1,Cloudy/Misty,2,0.598333,0.565667,630,3729,4359
2012-05-22,Weekday,Tuesday,2,Cloudy/Misty,2,0.615,0.580825,819,5254,6073
2012-05-23,Weekday,Wednesday,3,Cloudy/Misty,2,0.621667,0.584612,766,4494,5260
2012-05-24,Weekday,Thursday,4,Sunny,1,0.655,0.6067,1059,5711,6770
2012-05-25,Weekday,Friday,5,Sunny,1,0.68,0.627529,1417,5317,6734
2012-05-26,Weekend,Saturday,6,Sunny,1,0.6925,0.642696,2855,3681,6536
2012-05-27,Weekend,Sunday,0,Sunny,1,0.69,0.641425,3283,3308,6591
2012-05-28,Holiday,Monday,1,Sunny,1,0.7125,0.6793,2557,3486,6043
2012-05-29,Weekday,Tuesday,2,Sunny,1,0.7225,0.672992,880,4863,5743
2012-05-30,Weekday,Wednesday,3,Cloudy/Misty,2,0.656667,0.611129,745,6110,6855
2012-05-31,Weekday,Thursday,4,Sunny,1,0.68,0.631329,1100,6238,7338
2012-06-01,Weekday,Friday,5,Cloudy/Misty,2,0.654167,0.607962,533,3594,4127
2012-06-02,Weekend,Saturday,6,Sunny,1,0.583333,0.566288,2795,5325,8120
2012-06-03,Weekend,Sunday,0,Sunny,1,0.6025,0.575133,2494,5147,7641
2012-06-04,Weekday,Monday,1,Sunny,1,0.5975,0.578283,1071,5927,6998
2012-06-05,Weekday,Tuesday,2,Cloudy/Misty,2,0.540833,0.525892,968,6033,7001
2012-06-06,Weekday,Wednesday,3,Sunny,1,0.554167,0.542292,1027,6028,7055
2012-06-07,Weekday,Thursday,4,Sunny,1,0.6025,0.569442,1038,6456,7494
2012-06-08,Weekday,Friday,5,Sunny,1,0.649167,0.597862,1488,6248,7736
2012-06-09,Weekend,Saturday,6,Sunny,1,0.710833,0.648367,2708,4790,7498
2012-06-10,Weekend,Sunday,0,Sunny,1,0.726667,0.663517,2224,4374,6598
2012-06-11,Weekday,Monday,1,Cloudy/Misty,2,0.720833,0.659721,1017,5647,6664
2012-06-12,Weekday,Tuesday,2,Cloudy/Misty,2,0.653333,0.597875,477,4495,4972
2012-06-13,Weekday,Wednesday,3,Sunny,1,0.655833,0.611117,1173,6248,7421
2012-06-14,Weekday,Thursday,4,Sunny,1,0.648333,0.624383,1180,6183,7363
2012-06-15,Weekday,Friday,5,Sunny,1,0.639167,0.599754,1563,6102,7665
2012-06-16,Weekend,Saturday,6,Sunny,1,0.631667,0.594708,2963,4739,7702
2012-06-17,Weekend,Sunday,0,Sunny,1,0.5925,0.571975,2634,4344,6978
2012-06-18,Weekday,Monday,1,Cloudy/Misty,2,0.568333,0.544842,653,4446,5099
2012-06-19,Weekday,Tuesday,2,Sunny,1,0.688333,0.654692,968,5857,6825
2012-06-20,Weekday,Wednesday,3,Sunny,1,0.7825,0.720975,872,5339,6211
2012-06-21,Weekday,Thursday,4,Sunny,1,0.805833,0.752542,778,5127,5905
2012-06-22,Weekday,Friday,5,Sunny,1,0.7775,0.724121,964,4859,5823
2012-06-23,Weekend,Saturday,6,Sunny,1,0.731667,0.652792,2657,4801,7458
2012-06-24,Weekend,Sunday,0,Sunny,1,0.743333,0.674254,2551,4340,6891
2012-06-25,Weekday,Monday,1,Sunny,1,0.715833,0.654042,1139,5640,6779
2012-06-26,Weekday,Tuesday,2,Sunny,1,0.630833,0.594704,1077,6365,7442
2012-06-27,Weekday,Wednesday,3,Sunny,1,0.6975,0.640792,1077,6258,7335
2012-06-28,Weekday,Thursday,4,Sunny,1,0.749167,0.675512,921,5958,6879
2012-06-29,Weekday,Friday,5,Sunny,1,0.834167,0.786613,829,4634,5463
2012-06-30,Weekend,Saturday,6,Sunny,1,0.765,0.687508,1455,4232,5687
2012-07-01,Weekend,Sunday,0,Sunny,1,0.815833,0.750629,1421,4110,5531
2012-07-02,Weekday,Monday,1,Sunny,1,0.781667,0.702038,904,5323,6227
2012-07-03,Weekday,Tuesday,2,Sunny,1,0.780833,0.70265,1052,5608,6660
2012-07-04,Holiday,Wednesday,3,Sunny,1,0.789167,0.732337,2562,4841,7403
2012-07-05,Weekday,Thursday,4,Sunny,1,0.8275,0.761367,1405,4836,6241
2012-07-06,Weekday,Friday,5,Sunny,1,0.828333,0.752533,1366,4841,6207
2012-07-07,Weekend,Saturday,6,Sunny,1,0.861667,0.804913,1448,3392,4840
2012-07-08,Weekend,Sunday,0,Sunny,1,0.8225,0.790396,1203,3469,4672
2012-07-09,Weekday,Monday,1,Cloudy/Misty,2,0.710833,0.654054,998,5571,6569
2012-07-10,Weekday,Tuesday,2,Cloudy/Misty,2,0.720833,0.664796,954,5336,6290
2012-07-11,Weekday,Wednesday,3,Sunny,1,0.716667,0.650271,975,6289,7264
2012-07-12,Weekday,Thursday,4,Sunny,1,0.715833,0.654683,1032,6414,7446
2012-07-13,Weekday,Friday,5,Cloudy/Misty,2,0.731667,0.667933,1511,5988,7499
2012-07-14,Weekend,Saturday,6,Cloudy/Misty,2,0.703333,0.666042,2355,4614,6969
2012-07-15,Weekend,Sunday,0,Sunny,1,0.745833,0.705196,1920,4111,6031
2012-07-16,Weekday,Monday,1,Sunny,1,0.763333,0.724125,1088,5742,6830
2012-07-17,Weekday,Tuesday,2,Sunny,1,0.818333,0.755683,921,5865,6786
2012-07-18,Weekday,Wednesday,3,Sunny,1,0.793333,0.745583,799,4914,5713
2012-07-19,Weekday,Thursday,4,Sunny,1,0.77,0.714642,888,5703,6591
2012-07-20,Weekday,Friday,5,Cloudy/Misty,2,0.665833,0.613025,747,5123,5870
2012-07-21,Weekend,Saturday,6,Rain,3,0.595833,0.549912,1264,3195,4459
2012-07-22,Weekend,Sunday,0,Cloudy/Misty,2,0.6675,0.623125,2544,4866,7410
2012-07-23,Weekday,Monday,1,Sunny,1,0.741667,0.690017,1135,5831,6966
2012-07-24,Weekday,Tuesday,2,Sunny,1,0.750833,0.70645,1140,6452,7592
2012-07-25,Weekday,Wednesday,3,Sunny,1,0.724167,0.654054,1383,6790,8173
2012-07-26,Weekday,Thursday,4,Sunny,1,0.776667,0.739263,1036,5825,6861
2012-07-27,Weekday,Friday,5,Sunny,1,0.781667,0.734217,1259,5645,6904
2012-07-28,Weekend,Saturday,6,Sunny,1,0.755833,0.697604,2234,4451,6685
2012-07-29,Weekend,Sunday,0,Sunny,1,0.721667,0.667933,2153,4444,6597
2012-07-30,Weekday,Monday,1,Sunny,1,0.730833,0.684987,1040,6065,7105
2012-07-31,Weekday,Tuesday,2,Sunny,1,0.713333,0.662896,968,6248,7216
2012-08-01,Weekday,Wednesday,3,Sunny,1,0.7175,0.667308,1074,6506,7580
2012-08-02,Weekday,Thursday,4,Sunny,1,0.7525,0.707088,983,6278,7261
2012-08-03,Weekday,Friday,5,Cloudy/Misty,2,0.765833,0.722867,1328,5847,7175
2012-08-04,Weekend,Saturday,6,Sunny,1,0.793333,0.751267,2345,4479,6824
2012-08-05,Weekend,Sunday,0,Sunny,1,0.769167,0.731079,1707,3757,5464
2012-08-06,Weekday,Monday,1,Cloudy/Misty,2,0.7525,0.710246,1233,5780,7013
2012-08-07,Weekday,Tuesday,2,Cloudy/Misty,2,0.735833,0.697621,1278,5995,7273
2012-08-08,Weekday,Wednesday,3,Cloudy/Misty,2,0.75,0.707717,1263,6271,7534
2012-08-09,Weekday,Thursday,4,Sunny,1,0.755833,0.699508,1196,6090,7286
2012-08-10,Weekday,Friday,5,Cloudy/Misty,2,0.715833,0.667942,1065,4721,5786
2012-08-11,Weekend,Saturday,6,Cloudy/Misty,2,0.6925,0.638267,2247,4052,6299
2012-08-12,Weekend,Sunday,0,Sunny,1,0.700833,0.644579,2182,4362,6544
2012-08-13,Weekday,Monday,1,Sunny,1,0.720833,0.662254,1207,5676,6883
2012-08-14,Weekday,Tuesday,2,Sunny,1,0.726667,0.676779,1128,5656,6784
2012-08-15,Weekday,Wednesday,3,Sunny,1,0.706667,0.654037,1198,6149,7347
2012-08-16,Weekday,Thursday,4,Sunny,1,0.719167,0.654688,1338,6267,7605
2012-08-17,Weekday,Friday,5,Sunny,1,0.723333,0.2424,1483,5665,7148
2012-08-18,Weekend,Saturday,6,Sunny,1,0.678333,0.618071,2827,5038,7865
2012-08-19,Weekend,Sunday,0,Cloudy/Misty,2,0.635833,0.603554,1208,3341,4549
2012-08-20,Weekday,Monday,1,Cloudy/Misty,2,0.635833,0.595967,1026,5504,6530
2012-08-21,Weekday,Tuesday,2,Sunny,1,0.649167,0.601025,1081,5925,7006
2012-08-22,Weekday,Wednesday,3,Sunny,1,0.6675,0.621854,1094,6281,7375
2012-08-23,Weekday,Thursday,4,Sunny,1,0.695833,0.637008,1363,6402,7765
2012-08-24,Weekday,Friday,5,Cloudy/Misty,2,0.7025,0.6471,1325,6257,7582
2012-08-25,Weekend,Saturday,6,Cloudy/Misty,2,0.661667,0.618696,1829,4224,6053
2012-08-26,Weekend,Sunday,0,Cloudy/Misty,2,0.653333,0.595996,1483,3772,5255
2012-08-27,Weekday,Monday,1,Sunny,1,0.703333,0.654688,989,5928,6917
2012-08-28,Weekday,Tuesday,2,Sunny,1,0.728333,0.66605,935,6105,7040
2012-08-29,Weekday,Wednesday,3,Sunny,1,0.685,0.635733,1177,6520,7697
2012-08-30,Weekday,Thursday,4,Sunny,1,0.706667,0.652779,1172,6541,7713
2012-08-31,Weekday,Friday,5,Sunny,1,0.764167,0.6894,1433,5917,7350
2012-09-01,Weekend,Saturday,6,Cloudy/Misty,2,0.753333,0.702654,2352,3788,6140
2012-09-02,Weekend,Sunday,0,Cloudy/Misty,2,0.696667,0.649,2613,3197,5810
2012-09-03,Holiday,Monday,1,Sunny,1,0.7075,0.661629,1965,4069,6034
2012-09-04,Weekday,Tuesday,2,Sunny,1,0.725833,0.686888,867,5997,6864
2012-09-05,Weekday,Wednesday,3,Sunny,1,0.736667,0.708983,832,6280,7112
2012-09-06,Weekday,Thursday,4,Cloudy/Misty,2,0.696667,0.655329,611,5592,6203
2012-09-07,Weekday,Friday,5,Sunny,1,0.703333,0.657204,1045,6459,7504
2012-09-08,Weekend,Saturday,6,Cloudy/Misty,2,0.659167,0.611121,1557,4419,5976
2012-09-09,Weekend,Sunday,0,Sunny,1,0.61,0.578925,2570,5657,8227
2012-09-10,Weekday,Monday,1,Sunny,1,0.583333,0.565654,1118,6407,7525
2012-09-11,Weekday,Tuesday,2,Sunny,1,0.5775,0.554292,1070,6697,7767
2012-09-12,Weekday,Wednesday,3,Sunny,1,0.599167,0.570075,1050,6820,7870
2012-09-13,Weekday,Thursday,4,Sunny,1,0.6125,0.579558,1054,6750,7804
2012-09-14,Weekday,Friday,5,Sunny,1,0.633333,0.594083,1379,6630,8009
2012-09-15,Weekend,Saturday,6,Sunny,1,0.608333,0.585867,3160,5554,8714
2012-09-16,Weekend,Sunday,0,Sunny,1,0.58,0.563125,2166,5167,7333
2012-09-17,Weekday,Monday,1,Cloudy/Misty,2,0.580833,0.55305,1022,5847,6869
2012-09-18,Weekday,Tuesday,2,Cloudy/Misty,2,0.623333,0.565067,371,3702,4073
2012-09-19,Weekday,Wednesday,3,Sunny,1,0.5525,0.540404,788,6803,7591
2012-09-20,Weekday,Thursday,4,Sunny,1,0.546667,0.532192,939,6781,7720
2012-09-21,Weekday,Friday,5,Sunny,1,0.599167,0.571971,1250,6917,8167
2012-09-22,Weekend,Saturday,6,Sunny,1,0.65,0.610488,2512,5883,8395
2012-09-23,Weekend,Sunday,0,Sunny,1,0.529167,0.518933,2454,5453,7907
2012-09-24,Weekday,Monday,1,Sunny,1,0.514167,0.502513,1001,6435,7436
2012-09-25,Weekday,Tuesday,2,Sunny,1,0.55,0.544179,845,6693,7538
2012-09-26,Weekday,Wednesday,3,Sunny,1,0.635,0.596613,787,6946,7733
2012-09-27,Weekday,Thursday,4,Cloudy/Misty,2,0.65,0.607975,751,6642,7393
2012-09-28,Weekday,Friday,5,Cloudy/Misty,2,0.619167,0.585863,1045,6370,7415
2012-09-29,Weekend,Saturday,6,Sunny,1,0.5425,0.530296,2589,5966,8555
2012-09-30,Weekend,Sunday,0,Sunny,1,0.526667,0.517663,2015,4874,6889
2012-10-01,Weekday,Monday,1,Cloudy/Misty,2,0.520833,0.512,763,6015,6778
2012-10-02,Weekday,Tuesday,2,Rain,3,0.590833,0.542333,315,4324,4639
2012-10-03,Weekday,Wednesday,3,Cloudy/Misty,2,0.6575,0.599133,728,6844,7572
2012-10-04,Weekday,Thursday,4,Cloudy/Misty,2,0.6575,0.607975,891,6437,7328
2012-10-05,Weekday,Friday,5,Sunny,1,0.615,0.580187,1516,6640,8156
2012-10-06,Weekend,Saturday,6,Sunny,1,0.554167,0.538521,3031,4934,7965
2012-10-07,Weekend,Sunday,0,Cloudy/Misty,2,0.415833,0.419813,781,2729,3510
2012-10-08,Holiday,Monday,1,Cloudy/Misty,2,0.383333,0.387608,874,4604,5478
2012-10-09,Weekday,Tuesday,2,Cloudy/Misty,2,0.446667,0.438112,601,5791,6392
2012-10-10,Weekday,Wednesday,3,Sunny,1,0.514167,0.503142,780,6911,7691
2012-10-11,Weekday,Thursday,4,Sunny,1,0.435,0.431167,834,6736,7570
2012-10-12,Weekday,Friday,5,Sunny,1,0.4375,0.433071,1060,6222,7282
2012-10-13,Weekend,Saturday,6,Sunny,1,0.393333,0.391396,2252,4857,7109
2012-10-14,Weekend,Sunday,0,Sunny,1,0.521667,0.508204,2080,4559,6639
2012-10-15,Weekday,Monday,1,Cloudy/Misty,2,0.561667,0.53915,760,5115,5875
2012-10-16,Weekday,Tuesday,2,Sunny,1,0.468333,0.460846,922,6612,7534
2012-10-17,Weekday,Wednesday,3,Sunny,1,0.455833,0.450108,979,6482,7461
2012-10-18,Weekday,Thursday,4,Cloudy/Misty,2,0.5225,0.512625,1008,6501,7509
2012-10-19,Weekday,Friday,5,Cloudy/Misty,2,0.563333,0.537896,753,4671,5424
2012-10-20,Weekend,Saturday,6,Sunny,1,0.484167,0.472842,2806,5284,8090
2012-10-21,Weekend,Sunday,0,Sunny,1,0.464167,0.456429,2132,4692,6824
2012-10-22,Weekday,Monday,1,Sunny,1,0.4875,0.482942,830,6228,7058
2012-10-23,Weekday,Tuesday,2,Sunny,1,0.544167,0.530304,841,6625,7466
2012-10-24,Weekday,Wednesday,3,Sunny,1,0.5875,0.558721,795,6898,7693
2012-10-25,Weekday,Thursday,4,Cloudy/Misty,2,0.55,0.529688,875,6484,7359
2012-10-26,Weekday,Friday,5,Cloudy/Misty,2,0.545833,0.52275,1182,6262,7444
2012-10-27,Weekend,Saturday,6,Cloudy/Misty,2,0.53,0.515133,2643,5209,7852
2012-10-28,Weekend,Sunday,0,Cloudy/Misty,2,0.4775,0.467771,998,3461,4459
2012-10-29,Weekday,Monday,1,Rain,3,0.44,0.4394,2,20,22
2012-10-30,Weekday,Tuesday,2,Cloudy/Misty,2,0.318182,0.309909,87,1009,1096
2012-10-31,Weekday,Wednesday,3,Cloudy/Misty,2,0.3575,0.3611,419,5147,5566
2012-11-01,Weekday,Thursday,4,Cloudy/Misty,2,0.365833,0.369942,466,5520,5986
2012-11-02,Weekday,Friday,5,Sunny,1,0.355,0.356042,618,5229,5847
2012-11-03,Weekend,Saturday,6,Cloudy/Misty,2,0.343333,0.323846,1029,4109,5138
2012-11-04,Weekend,Sunday,0,Sunny,1,0.325833,0.329538,1201,3906,5107
2012-11-05,Weekday,Monday,1,Sunny,1,0.319167,0.308075,378,4881,5259
2012-11-06,Weekday,Tuesday,2,Sunny,1,0.280833,0.281567,466,5220,5686
2012-11-07,Weekday,Wednesday,3,Cloudy/Misty,2,0.295833,0.274621,326,4709,5035
2012-11-08,Weekday,Thursday,4,Sunny,1,0.352174,0.341891,340,4975,5315
2012-11-09,Weekday,Friday,5,Sunny,1,0.361667,0.355413,709,5283,5992
2012-11-10,Weekend,Saturday,6,Sunny,1,0.389167,0.393937,2090,4446,6536
2012-11-11,Weekend,Sunday,0,Sunny,1,0.420833,0.421713,2290,4562,6852
2012-11-12,Holiday,Monday,1,Sunny,1,0.485,0.475383,1097,5172,6269
2012-11-13,Weekday,Tuesday,2,Cloudy/Misty,2,0.343333,0.323225,327,3767,4094
2012-11-14,Weekday,Wednesday,3,Sunny,1,0.289167,0.281563,373,5122,5495
2012-11-15,Weekday,Thursday,4,Cloudy/Misty,2,0.321667,0.324492,320,5125,5445
2012-11-16,Weekday,Friday,5,Sunny,1,0.345,0.347204,484,5214,5698
2012-11-17,Weekend,Saturday,6,Sunny,1,0.325,0.326383,1313,4316,5629
2012-11-18,Weekend,Sunday,0,Sunny,1,0.3425,0.337746,922,3747,4669
2012-11-19,Weekday,Monday,1,Cloudy/Misty,2,0.380833,0.375621,449,5050,5499
2012-11-20,Weekday,Tuesday,2,Cloudy/Misty,2,0.374167,0.380667,534,5100,5634
2012-11-21,Weekday,Wednesday,3,Sunny,1,0.353333,0.364892,615,4531,5146
2012-11-22,Holiday,Thursday,4,Sunny,1,0.34,0.350371,955,1470,2425
2012-11-23,Weekday,Friday,5,Sunny,1,0.368333,0.378779,1603,2307,3910
2012-11-24,Weekend,Saturday,6,Sunny,1,0.278333,0.248742,532,1745,2277
2012-11-25,Weekend,Sunday,0,Sunny,1,0.245833,0.257583,309,2115,2424
2012-11-26,Weekday,Monday,1,Sunny,1,0.313333,0.339004,337,4750,5087
2012-11-27,Weekday,Tuesday,2,Cloudy/Misty,2,0.291667,0.281558,123,3836,3959
2012-11-28,Weekday,Wednesday,3,Sunny,1,0.296667,0.289762,198,5062,5260
2012-11-29,Weekday,Thursday,4,Sunny,1,0.28087,0.298422,243,5080,5323
2012-11-30,Weekday,Friday,5,Sunny,1,0.298333,0.323867,362,5306,5668
2012-12-01,Weekend,Saturday,6,Cloudy/Misty,2,0.298333,0.316904,951,4240,5191
2012-12-02,Weekend,Sunday,0,Cloudy/Misty,2,0.3475,0.359208,892,3757,4649
2012-12-03,Weekday,Monday,1,Sunny,1,0.4525,0.455796,555,5679,6234
2012-12-04,Weekday,Tuesday,2,Sunny,1,0.475833,0.469054,551,6055,6606
2012-12-05,Weekday,Wednesday,3,Sunny,1,0.438333,0.428012,331,5398,5729
2012-12-06,Weekday,Thursday,4,Sunny,1,0.255833,0.258204,340,5035,5375
2012-12-07,Weekday,Friday,5,Cloudy/Misty,2,0.320833,0.321958,349,4659,5008
2012-12-08,Weekend,Saturday,6,Cloudy/Misty,2,0.381667,0.389508,1153,4429,5582
2012-12-09,Weekend,Sunday,0,Cloudy/Misty,2,0.384167,0.390146,441,2787,3228
2012-12-10,Weekday,Monday,1,Cloudy/Misty,2,0.435833,0.435575,329,4841,5170
2012-12-11,Weekday,Tuesday,2,Cloudy/Misty,2,0.353333,0.338363,282,5219,5501
2012-12-12,Weekday,Wednesday,3,Cloudy/Misty,2,0.2975,0.297338,310,5009,5319
2012-12-13,Weekday,Thursday,4,Sunny,1,0.295833,0.294188,425,5107,5532
2012-12-14,Weekday,Friday,5,Sunny,1,0.281667,0.294192,429,5182,5611
2012-12-15,Weekend,Saturday,6,Sunny,1,0.324167,0.338383,767,4280,5047
2012-12-16,Weekend,Sunday,0,Cloudy/Misty,2,0.3625,0.369938,538,3248,3786
2012-12-17,Weekday,Monday,1,Cloudy/Misty,2,0.393333,0.4015,212,4373,4585
2012-12-18,Weekday,Tuesday,2,Sunny,1,0.410833,0.409708,433,5124,5557
2012-12-19,Weekday,Wednesday,3,Sunny,1,0.3325,0.342162,333,4934,5267
2012-12-20,Weekday,Thursday,4,Cloudy/Misty,2,0.33,0.335217,314,3814,4128
2012-12-21,Weekday,Friday,5,Cloudy/Misty,2,0.326667,0.301767,221,3402,3623
2012-12-22,Weekend,Saturday,6,Sunny,1,0.265833,0.236113,205,1544,1749
2012-12-23,Weekend,Sunday,0,Sunny,1,0.245833,0.259471,408,1379,1787
2012-12-24,Weekday,Monday,1,Cloudy/Misty,2,0.231304,0.2589,174,746,920
2012-12-25,Holiday,Tuesday,2,Cloudy/Misty,2,0.291304,0.294465,440,573,1013
2012-12-26,Weekday,Wednesday,3,Rain,3,0.243333,0.220333,9,432,441
2012-12-27,Weekday,Thursday,4,Cloudy/Misty,2,0.254167,0.226642,247,1867,2114
2012-12-28,Weekday,Friday,5,Cloudy/Misty,2,0.253333,0.255046,644,2451,3095
2012-12-29,Weekend,Saturday,6,Cloudy/Misty,2,0.253333,0.2424,159,1182,1341
2012-12-30,Weekend,Sunday,0,Sunny,1,0.255833,0.2317,364,1432,1796
2012-12-31,Weekday,Monday,1,Cloudy/Misty,2,0.215833,0.223487,439,2290,2729
